term,category,tags,short_def,definition,related_terms,legal_basis,importance,explanation,article_title,article_lead,term_detail_body,exam_points,common_mistakes,memory_tip,example_question,example_answer,faq_1_question,faq_1_answer,faq_2_question,faq_2_answer,faq_3_question,faq_3_answer,faq_4_question,faq_4_answer,diagram_id,slug
一問一答,契約・実務,演習,短い問題で知識を確認する学習形式。,用語の意味・数値・基本知識を、短い設問で一つずつ確認する演習形式。○×に近い形で素早く回せるため、通勤などのすきま時間の復習に向く。,過去問;復習;模擬試験,,B,一問一答そのものが試験に出るわけではありませんが、ここで確認した知識は、証券外務員試験の○×方式で一文の正誤として問われます。たとえば数値や要件を一部だけ変えた誤りに気づけるよう、正誤の根拠まで確認しておくと、本番の○×で迷いにくくなります。,一問一答とは？短時間で知識を確認する学習形式,一問一答は、短い設問で知識の抜けを一つずつ確認する演習形式です。証券外務員試験の○×方式と相性がよく、すきま時間の復習に向きます。この記事では、一問一答の使い方と、過去問や用語解説との組み合わせ方を整理します。,"一問一答は、一度に一つの論点だけを問うため、短時間で多くの項目を点検できます。証券外務員試験は○×方式が二種50問・一種70問と多く、この形式の素早い正誤判定に慣れておくと取りこぼしが減ります。

ただし、正解・不正解の記録だけで終わらせると力になりません。間違えた設問は、用語解説で定義に戻り、なぜ誤ったのかを一行で残してから次に進みます。たとえば、すきま時間は一問一答で知識を点検し、まとまった時間は過去問の解き直しに充てると、学習が回りやすくなります。",短時間で解いて知識の抜けを見つける;間違えた用語を定義に戻って確認する;直前期に繰り返して定着を確認する,一問一答だけを繰り返すと、五肢選択のような長い選択肢の比較に対応しにくくなります。知識の点検には有効ですが、仕上げは過去問の通し演習と組み合わせてください。,「解く」道具より「間違いを拾う」道具だと考えると、短時間でも続けやすくなります。,一問一答だけで十分である。,×。過去問や解説と組み合わせます。,一問一答とは何ですか？,一問一答は、用語の意味や数値、基本知識を短い設問で一つずつ確認する演習形式です。証券外務員試験の○×方式に近い形で素早く回せるため、すきま時間の復習に向いています。まとめて力をつけるより、知識の抜けを見つける点検用の道具として使うと効果的です。,一問一答でよくある誤解は？,よくある誤解は、一問一答だけで試験対策が完結すると考えることです。一問一答は知識の点検には向きますが、五肢選択のように選択肢どうしを比較する問題には対応しきれません。仕上げは過去問や模擬試験の通し演習と組み合わせ、長い問題文を読む力もあわせて養ってください。,一問一答は試験でどう問われますか？,一問一答で確認した知識は、証券外務員試験では○×方式で「言い切りの正誤」として問われやすい形です。数値や要件、主体の一部だけを入れ替えた誤りが典型です。正しいか誤りかだけでなく、どこが誤りなのかまで言えるようにしておくと、本番の○×で迷いません。,一問一答を学んだあとに何を確認しますか？,一問一答で間違えた設問は、まず用語解説で定義に戻って理解し直し、そのうえで同じ論点の過去問を解いて確認します。制度や数値がからむ論点は、試験要項などの公式情報で最新の条件を照合してください。間違えた設問は復習リストに残し、時間を置いて解き直すと定着します。,,
公式情報,法令・制度,基本,試験実施団体などが公表する一次情報。,試験日程・申込方法・出題範囲・合格発表など、学習や受験の判断の根拠にする一次情報。証券外務員試験では日本証券業協会などが公表する情報を指し、非公式の情報と食い違うときは公式を優先する。,試験要項;受験資格;出題範囲,,A,公式情報そのものが選択肢で問われるわけではありません。ただし日程・申込方法・出題範囲・合格基準といった項目は、年度や制度改正で変わることがあります。学習前と申込前に確認し、非公式のまとめだけを根拠にしないことが、手続きのミスを防ぎます。,公式情報とは？試験対策で必ず確認すべき一次情報,公式情報は、受験の判断と学習計画の前提になる一次情報です。証券外務員試験では、日程や出題範囲、合格基準などを日本証券業協会などの公式情報で確認します。この記事では、何を公式情報で確認すべきか、いつ確認すべきかを整理します。,"公式情報とは、試験実施団体が直接公表する、公式サイト・受験案内・試験要項・合格発表などの情報を指します。証券外務員試験では、CBTの申込方法や受験手数料、出題範囲、合格基準といった、判断の根拠になる項目がここに含まれます。

これらは年度や制度改正で変わることがあるため、非公式のまとめだけを見て判断すると、古い日程や手数料で手続きを誤る恐れがあります。学習を始める前・申込の前・直前期の三つの場面で、公式情報に戻って最新の内容を確認する習慣をつけると安全です。",非公式情報より公式情報を優先する;年度ごとの変更点を確認する;出題範囲と申込期限をセットで見る,古い年度の情報や個人のまとめをそのまま使うと、日程や手数料、制度の変更を見落とすことがあります。最終的な判断は、必ず公式情報に戻って確かめてください。,「学習前・申込前・直前期」の三回、公式情報に戻ると決めておくと確認を忘れにくくなります。,試験日程や出題範囲は非公式サイトで確認すれば十分である。,×。必ず試験実施団体などの公式情報を確認します。,公式情報とは何ですか？,公式情報とは、試験実施団体が直接公表する一次情報のことです。証券外務員試験では、日本証券業協会などが公表する日程・申込方法・出題範囲・合格発表などが該当します。非公式のまとめと食い違う場合は、必ず公式情報を優先して判断してください。,公式情報でよくある誤解は？,よくある誤解は、個人のブログやまとめサイトの情報だけで日程や手続きを判断してしまうことです。こうした情報は古かったり、年度の変更が反映されていなかったりします。参考にするのは構いませんが、申込期限や手数料、出題範囲などの最終確認は、必ず公式情報で行ってください。,公式情報は試験でどう問われますか？,学習の場面では、公式情報で出題範囲と合格基準を確認しておくと、教材や過去問の優先順位を決めやすくなります。証券外務員試験は満点の7割が合格の目安です。こうした基準や範囲は制度改正で変わることがあるため、思い込みで進めず、要所で公式情報に照らして確認します。,公式情報を学んだあとに何を確認しますか？,公式情報を確認したら、そこで得た出題範囲や日程をもとに、学習計画と申込のスケジュールを具体化します。範囲は過去問や用語解説と結びつけて学習に落とし込み、日程や手数料は試験要項で最新の内容を照合してください。変更が入りやすい項目は、直前期にもう一度確認すると安心です。,,
出題範囲,契約・実務,学習計画,試験で問われる分野やテーマの範囲。,証券外務員試験で学習の対象になる分野やテーマの範囲。範囲を把握すると、教材や過去問のどこから手をつけるか、優先順位を決めやすくなる。,過去問;合格基準;試験要項,,A,出題範囲は、証券外務員試験では法令・諸規則、商品業務、関連科目の三分野に大きく分かれます。一種は二種の範囲に加えてデリバティブや信用取引が広がります。範囲を分野で区切って把握しておくと、どの分野の学習が薄いかが見え、過去問の結果とも突き合わせやすくなります。,出題範囲とは？学習計画の土台になる情報,出題範囲は、何をどこまで学ぶかを決める学習計画の土台です。証券外務員試験は法令・諸規則、商品業務、関連科目に分かれ、一種はさらに範囲が広がります。この記事では、範囲の押さえ方と、過去問・用語解説との結びつけ方を整理します。,"出題範囲は、証券外務員試験では法令・諸規則、商品業務、関連科目の三分野に分かれます。一種は、この範囲に加えてデリバティブや信用取引が問われるため、二種より広くなります。

範囲を分野ごとに整理しておくと、学習の抜け漏れを減らせます。さらに、過去問を解いたあとに「どの範囲で間違えたか」を記録すると、弱点をつかみやすくなります。市販教材の目次だけで範囲を判断すると、公式の範囲とずれることがあります。出題範囲そのものは公式情報で確認し、日々の学習は分野別の過去問と用語解説で埋めていくと効率的です。",分野ごとに範囲を分けて把握する;苦手分野を記録する;公式情報の範囲と照合する,市販教材の目次だけで範囲を判断すると、公式の出題範囲とずれて、抜けや余計な深入りが生じることがあります。範囲そのものは公式情報で確認してください。,法令・諸規則／商品業務／関連科目の三分野を大きな箱として置き、そこに論点を振り分けると管理しやすくなります。,出題範囲は教材の目次だけ見れば十分である。,×。公式情報の範囲も確認します。,出題範囲とは何ですか？,出題範囲とは、証券外務員試験で学習の対象になる分野やテーマの範囲のことです。大きくは法令・諸規則、商品業務、関連科目の三分野に分かれ、一種はこれにデリバティブや信用取引が加わります。範囲を把握すると、教材や過去問のどこから手をつけるかを決めやすくなります。,出題範囲でよくある誤解は？,よくある誤解は、手元の教材の目次がそのまま出題範囲だと思い込むことです。教材によっては範囲の広さや強調点が異なり、公式の範囲とずれることがあります。学習の骨組みは公式情報の範囲で確認し、教材はそれを学ぶための道具として使い分けてください。,出題範囲は試験でどう問われますか？,範囲の理解は、証券外務員試験では分野ごとの配点や問われ方の違いとして効いてきます。たとえば法令・諸規則と商品業務は配点の柱になりやすく、関連科目は範囲が広いぶん頻出テーマに絞ります。こうした判断が、範囲を把握しているとできるようになります。,出題範囲を学んだあとに何を確認しますか？,出題範囲を把握したら、分野ごとに過去問を解いて、どの範囲の正答率が低いかを記録します。弱い範囲は用語解説で定義に戻ってから解き直し、範囲そのものに変更がないかは公式情報で確認してください。範囲・過去問・用語解説を結びつけると、抜けの少ない学習になります。,,
受験資格,法令・制度,制度,試験を受けるために必要な条件。,試験を受けるために必要とされる条件。年齢・学歴・実務経験などが問われる資格もあるが、証券外務員試験のように受験資格の制限がなく、誰でも受けられる資格もある。,試験要項;公式情報;合格基準,,A,証券外務員試験には、年齢・学歴・実務経験といった受験資格の制限がありません。ただし、試験に合格することと、外務員として登録されることは別で、実務には所属会社を通じた登録が必要です。この合格と登録の違いは、試験そのものでも問われることがある論点です。,受験資格とは？申込前に確認する条件,受験資格は、その試験を受けられるかどうかを判断する条件です。証券外務員試験には受験資格の制限がなく、誰でも受けられます。この記事では、受験資格の考え方と、合格と登録の違いという押さえておきたい論点を整理します。,"受験資格とは、試験を受けるために満たす必要のある条件です。資格によっては年齢や実務経験、学歴が求められますが、証券外務員試験にはこうした制限がなく、学生でも他業種の社会人でも受験できます。

注意したいのは、試験に合格することと、外務員として登録されることは別だという点です。実際に勧誘や販売を行うには、所属する金融商品取引業者などを通じた登録が必要になります。受験のハードルは低い一方で、この合格と登録の関係は仕組みとして理解しておくと、試験で問われたときにも迷いません。",受験資格の有無を公式情報で確認する;合格と登録の違いを押さえる;申込前に必要書類を確認する,合格すればすぐ外務員として働けると誤解しがちですが、実務には所属会社を通じた登録が別に必要です。合格は登録の前提だと整理しておきましょう。,「受験は誰でも・実務は登録が必要」と、受験と登録を二段階で分けて覚えると混同しません。,受験資格はどの資格でも同じである。,×。資格ごとに条件は異なります。,受験資格とは何ですか？,受験資格とは、試験を受けるために必要とされる条件のことです。証券外務員試験には、年齢・学歴・実務経験などの受験資格の制限がなく、誰でも受験できます。まず範囲の狭い二種から挑戦する人が多く、金融の知識がない初学者でも対策すれば合格を目指せます。,受験資格でよくある誤解は？,よくある誤解は、試験に合格すればそのまま外務員として働けると考えることです。実際には、合格と外務員登録は別の手続きで、勧誘や販売を行うには所属会社を通じた登録が必要になります。合格は資格を得るための前提であり、登録によって実務ができるようになると整理してください。,受験資格は試験でどう問われますか？,受験資格や登録の仕組みは、証券外務員試験そのものでも問われることがあります。とくに「合格と登録の違い」「登録前にできること・できないこと」は、正誤問題の題材になりやすい論点です。制度の細部は、試験要項などの公式情報で最新の内容を確認しておくと安心です。,受験資格を学んだあとに何を確認しますか？,受験資格に制限がないぶん、確認したら早めに学習と申込の準備に進めます。受ける区分を決め、必要な書類や申込方法は試験要項で確認します。合格後の登録の流れも公式情報で押さえておくと、試験対策と実務の見通しの両方が立てやすくなります。,,
合格基準,法令・制度,得点,合格に必要な点数や条件。,合否の判定に使われる得点や条件。証券外務員試験は一種・二種とも満点の7割が合格の目安で、二種は300点中210点、一種は440点中308点にあたる。,出題範囲;過去問;試験要項,,A,証券外務員試験の合格基準は、一種・二種とも満点の7割です。二種は300点中210点、一種は440点中308点が目安になります。配点は○×方式が1問2点、五肢選択方式が1問10点なので、配点の重い五肢選択の出来が合否に大きく響きます。基準を数字で押さえておくと、過去問で自分の到達度を測れます。,合格基準とは？得点目標を決める基準,合格基準は、何点を目指せばよいかという学習の目標を決める情報です。証券外務員試験は満点の7割が目安で、二種は210点、一種は308点にあたります。この記事では、合格基準の数字と、過去問の得点率での測り方を整理します。,"合格基準とは、合否の判定に使われる得点や条件のことです。証券外務員試験では、一種・二種とも満点の7割が合格の目安で、二種は300点中210点、一種は440点中308点にあたります。

配点は○×方式が1問2点、五肢選択方式が1問10点（五肢択二は各5点）なので、同じ1問でも五肢選択の失点のほうが重くなります。この基準を数字で押さえておくと、過去問を解いたときに得点率で自分の位置を測れます。目標をやや高めの得点率に置いて、7割を安定して超えられるかを確認すると、本番で安全圏に入りやすくなります。最新の基準は公式の受験案内でも確認してください。",満点の7割という目安を数字で押さえる;二種210点・一種308点を確認する;過去問の得点率で到達度を測る,全体の得点だけを見て安心しがちですが、配点の重い五肢選択で落とすと、同じ正解数でも得点が届かないことがあります。形式ごとの配点差も意識してください。,「7割＝二種210点・一種308点」と、割合と実点数をセットで覚えると、過去問の目標が立てやすくなります。,合格基準は目安なので確認しなくてよい。,×。学習計画を立てるために確認します。,合格基準とは何ですか？,合格基準とは、合否の判定に使われる得点や条件のことです。証券外務員試験は、一種・二種とも満点の7割が合格の目安です。二種は300点中210点、一種は440点中308点にあたります。過去問ではこの得点率を目標に、7割を安定して超えられるかを確認してください。,合格基準でよくある誤解は？,よくある誤解は、正解した問題数の割合がそのまま得点率になると考えることです。証券外務員試験は○×が1問2点、五肢選択が1問10点と配点が違うため、配点の重い五肢選択の出来で得点は大きく変わります。同じ正解数でも、どの形式で取るかによって7割に届くかが変わる点に注意してください。,合格基準は試験でどう問われますか？,合格基準は、過去問演習の目標設定に直結します。二種なら210点、一種なら308点という実点数を意識し、分野別の得点率が7割に届いているかを確認します。届いていない分野を優先して底上げすると、限られた時間で効率よく合格ラインに近づけます。,合格基準を学んだあとに何を確認しますか？,合格基準を確認したら、過去問で現在の得点率を測り、7割との差を埋める学習に落とし込みます。弱い分野は用語解説で定義に戻ってから解き直します。基準そのものは年度で扱いが変わることがあるため、試験要項などの公式情報で最新の内容も確認してください。,,
学習記録,設備・その他,学習法,学習した内容や結果を残す記録。,解いた問題・間違えた分野・次に復習する範囲などを残すメモ。学習の継続状況や弱点を見える化でき、次に何をすべきかを判断しやすくなる。,復習;過去問,,B,学習記録そのものが試験に出るわけではありませんが、記録があると、証券外務員試験の分野別の弱点を数字で追えます。分野ごとの正答率や間違えた理由を残しておくと、直前期にどの分野を詰めるかを、感覚ではなく記録にもとづいて判断できます。,学習記録とは？復習につなげる短いメモ,学習記録は、学習の続きを再開しやすくし、弱点を見える化するためのメモです。証券外務員試験のように範囲が広い試験では、記録があると復習の的を絞れます。この記事では、続けやすい記録の取り方と、復習への活かし方を整理します。,"学習記録は、日付・解いた範囲・間違えた理由などを残す短いメモです。細かく書く必要はなく、次に机に向かったときに「どこを復習すればよいか」が分かれば十分です。

証券外務員試験は範囲が広いため、分野ごとの正答率や、間違えた論点を記録しておくと、弱点が数字と言葉で見えてきます。たとえば法令の正答率が低いと記録に残っていれば、直前期に法令から手をつける判断がすぐにできます。記録を細かくしすぎると続かないので、自分が読み返して分かる最小限にとどめ、復習リストと結びつけて回すのがコツです。",日付と解いた範囲を残す;間違えた分野と理由を書く;次に復習する範囲を書く,記録を丁寧に作り込みすぎると、記録すること自体が負担になって続きません。次の自分が読んで分かる程度の短さにとどめてください。,「次の自分への申し送り」と考えて、一行だけ残すと決めると続けやすくなります。,学習記録は詳しく書かないと意味がない。,×。短くても復習に使えれば十分です。,学習記録とは何ですか？,学習記録とは、解いた問題や間違えた分野、次に復習する範囲などを残すメモのことです。学習の継続状況や弱点を見える化でき、次に何をすべきかを判断しやすくなります。短くても、次の学習で復習の的が絞れれば十分に役割を果たします。,学習記録でよくある誤解は？,よくある誤解は、学習記録は詳しく書かないと意味がないと考えることです。実際には、細かく書きすぎると続かず、記録が途切れてしまいます。大切なのは量ではなく、次に読み返したときに復習すべき範囲が分かることです。一行のメモでも、続けば十分に役立ちます。,学習記録は試験でどう問われますか？,学習記録は、証券外務員試験では分野別の弱点管理に活きます。分野ごとの正答率や間違えた理由を残しておくと、直前期に「どの分野をどれだけ詰めるか」を記録にもとづいて決められます。感覚に頼らず、事実で弱点をつかめるのが記録の強みです。,学習記録を学んだあとに何を確認しますか？,学習記録をつけたら、そこに残った弱点分野を復習の対象にします。間違えた論点は用語解説で定義に戻り、同じ範囲の過去問で解き直して、正答率の変化を次の記録に残します。記録・復習・過去問を循環させると、弱点が一つずつ減っていきます。,,
復習,契約・実務,学習法,一度解いた問題を再確認して定着させること。,不正解だった問題や迷った問題を後日解き直し、理解の穴を埋める学習行動。時間を置いて繰り返すと定着しやすく、履歴やブックマークを使うと効率化できる。,学習記録;過去問;一問一答,,A,復習では、正答番号を覚えるだけでなく、なぜ間違えたのか、どの用語や条件を見落としたのかを確認します。たとえば証券外務員試験の○×では、要件の一部を見落として誤ることが多く、間違いの理由を残すと次の解き直しで弱点を見つけやすくなります。,復習とは？間違えた問題を得点につなげる学習法,復習は、一度解いた問題を知識として定着させるための工程です。証券外務員試験は範囲が広く、解きっぱなしでは忘れてしまいます。この記事では、間隔をあけた復習の仕方と、間違いの記録の活かし方を整理します。,"復習では、正答番号を覚えるだけでなく、なぜ間違えたのか、どの用語や条件を見落としたのかを確認します。間違いの理由を一行で残しておくと、次回の解き直しで同じ弱点をすぐに見つけられます。

知識は時間とともに薄れるため、間隔をあけて繰り返すのが効果的です。たとえば、間違えた問題をその日・1週間後・1か月後と解き直すと、定着しやすくなります。正解した問題でも迷ったものは復習の対象にし、用語解説で定義に戻ってから過去問に戻ると、理解の穴が埋まります。",不正解の理由を分類する;関連用語を定義から確認する;時間を置いて解き直す,正解した問題をすぐ忘れることもあるため、迷った問題は正解でも復習の対象にします。答えの丸暗記ではなく、理由の理解を残してください。,「その日・1週間後・1か月後」と間隔を空けて三回戻ると決めると、定着を管理しやすくなります。,一度間違えた問題は、解説を読めば二度と復習しなくてよい。,×。時間を置いた解き直しで定着を確認します。,復習とは何ですか？,復習とは、不正解だった問題や迷った問題を後日解き直し、理解の穴を埋める学習行動のことです。証券外務員試験は範囲が広く、一度解いただけでは忘れがちです。時間を置いて解き直し、なぜ間違えたのかを確認することで、知識が得点につながる形で定着します。,復習でよくある誤解は？,よくある誤解は、解説を一度読めば復習は終わりだと考えることです。読んで分かった気になっても、時間が経つと再び間違えることは珍しくありません。大切なのは、時間を置いて自分の手で解き直し、理由まで説明できる状態になっているかを確認することです。,復習は試験でどう問われますか？,復習の質は、証券外務員試験では得点の安定に直結します。とくに○×で要件の一部を見落とす、五肢選択で似た肢を取り違えるといった誤りは、理由を記録して解き直さないと繰り返しがちです。間違いの型ごとに復習すると、同じ失点を減らせます。,復習を学んだあとに何を確認しますか？,復習では、間違えた問題の論点を用語解説で定義から確認し、そのうえで同じ範囲の過去問を解き直します。間隔をあけて数回繰り返し、正解できたら間隔を広げて維持に回します。制度や数値がからむ論点は、公式情報で最新の条件も照合してください。,,
模擬試験,設備・その他,演習,本番に近い形式で解く練習。,本番に近い形式と時間で通して解く演習。時間配分・得点力・集中力を確認でき、解いたあとの振り返りで弱点を洗い出すことに意味がある。,過去問;出題範囲,,B,模擬試験では、知識だけでなく時間内に解き切れるかを確認します。証券外務員試験はCBTで二種120分・一種160分と時間が決まっています。たとえば残り時間の配分を事前に試しておくと、本番で時間に追われずに済みます。,模擬試験とは？本番形式で確認する総合演習,模擬試験は、本番に近い形式と時間で力を測る総合演習です。証券外務員試験はCBTで時間が決まっているため、時間配分の練習が欠かせません。この記事では、模試の受け方と、解いたあとの振り返り方を整理します。,"模擬試験では、時間内に解き切れるかを本番の条件で確認します。証券外務員試験の試験時間は二種が120分、一種が160分です。同じ時間を計って通しで解き、どこで詰まるか、どの分野で時間を使いすぎるかを体験しておきます。

点数そのものより、解いたあとの振り返りが大切です。たとえば分野別の得点を出して弱点を見つけ、間違えた問題が知識不足か読み違いかを分けて、次の学習に反映させます。点数だけを見て終わると改善点が残らないため、失点の中身を必ず確認してください。",制限時間を測って本番形式で解く;分野別に得点を振り返る;弱点分野を用語と過去問で復習する,点数だけを見て一喜一憂すると、改善点が残りません。合格基準の7割を安定して超えられるか、失点がどの分野に偏るかを見てください。,模試は「実力測定」と「本番の予行」の二役だと考えると、受けるタイミングを決めやすくなります。,模擬試験は点数だけ確認すればよい。,×。時間配分と弱点も確認します。,模擬試験とは何ですか？,模擬試験とは、本番に近い形式と時間で通して解く演習のことです。証券外務員試験はCBTで二種120分・一種160分と時間が決まっているため、時間配分や集中力を本番前に確認する意味があります。解いたあとの振り返りまで行って、はじめて模試が力になります。,模擬試験でよくある誤解は？,よくある誤解は、模試は点数を確認すれば十分だと考えることです。点数は回によって上下し、それだけでは次に何をすべきか分かりません。大切なのは、時間配分の課題や、失点が知識不足か読み違いかを分析し、次の学習に具体的に反映させることです。,模擬試験は試験でどう問われますか？,模試は、証券外務員試験では時間配分の練習の場として特に役立ちます。過去問で論点ごとの弱点を減らしたうえで模試を受けると、時間内に通す力に集中できます。迷った問題を飛ばして戻る判断など、過去問だけでは測れない課題も確認できます。,模擬試験を学んだあとに何を確認しますか？,模試を解いたら、分野別の得点を出して弱点を特定し、知識不足は用語解説で、読み違いは問題文の読み方で補います。直前期にはもう一度通しで解いて仕上げます。制度や数値がからむ論点は、試験要項などの公式情報で最新の条件も確認してください。,,
比較表,設備・その他,整理,似た制度や数字を並べて違いを確認する表。,期限・割合・要件など、混同しやすい項目を横並びにして違いを整理する学習ツール。暗記だけでなく、似た項目の理解の確認にも使える。,用語解説;出題範囲,,B,比較表は、証券外務員試験で混同しやすい用語の違いを見分けるのに役立ちます。たとえば現物取引と信用取引、単利と複利のように、似た項目を横に並べて「何が同じで何が違うか」を書き出すと、選択肢の引っかけに気づきやすくなります。,比較表とは？似た制度・数字を整理する学習ツール,比較表は、混同しやすい情報を横並びで整理するための学習ツールです。証券外務員試験には似た用語や数字が多く、表にすると違いが見えやすくなります。この記事では、比較表の作り方と、過去問での活かし方を整理します。,"数字・期限・要件・例外などが多い分野では、文章だけで覚えるより、表にして違いを見るほうが理解しやすくなります。証券外務員試験では、現物取引と信用取引、単利と複利のように、似ていて取り違えやすい項目が比較表に向きます。

作るときは、「何が同じで、何が違うか」を左右に並べ、試験で問われる違いに絞るのがコツです。たとえば過去問で迷った選択肢を比較表に追加していくと、自分専用の復習資料になります。項目を増やしすぎると見返しにくくなるため、要点だけを残します。",数字や期限を横並びにする;似た用語の違いを一行で書く;例外条件を別の欄に分ける,項目を詰め込みすぎると見返しにくくなり、かえって使わなくなります。試験で問われる違いに絞って、シンプルに保ってください。,「何が同じで、何が違うか」を左右に並べる形にすると、違いが記憶に残りやすくなります。,似た制度の期限や要件は、比較表にせず個別に暗記した方が常に効率的である。,×。混同しやすい項目は比較表で整理すると確認しやすくなります。,比較表とは何ですか？,比較表とは、期限・割合・要件など混同しやすい項目を横並びにして、違いを整理する学習ツールです。証券外務員試験には似た用語や数字が多く、文章で覚えるより表で違いを見るほうが理解しやすい場面があります。暗記だけでなく、理解の確認にも使えます。,比較表でよくある誤解は？,よくある誤解は、似た項目でも個別に暗記したほうが速いと考えることです。混同しやすい項目は、並べて違いを見たほうが記憶に残り、選択肢の引っかけにも気づけます。ただし項目を増やしすぎると使いにくくなるため、試験で問われる違いに絞るのがコツです。,比較表は試験でどう問われますか？,比較表が効くのは、証券外務員試験で似た用語の取り違えを問う問題です。たとえば現物取引と信用取引、単利と複利などは、表で違いを整理しておくと、選択肢がどちらの説明かを見分けやすくなります。過去問で迷った対を表に足していくと実戦的です。,比較表を学んだあとに何を確認しますか？,比較表を作ったら、対になる用語を用語解説で確認し、過去問で問われ方を確かめます。迷った選択肢は表に追加し、自分専用の復習資料に育てます。数値や要件がからむ項目は、試験要項などの公式情報で最新の内容も照合してください。,,
用語解説,設備・その他,用語集,重要語句の意味や試験での使い方を説明する記事。,過去問や一問一答で出た語句の意味や試験での問われ方を確認するための解説。似た用語との違いもあわせて整理する。,比較表;過去問,,B,用語解説は、証券外務員試験では選択肢の正誤を判断するための土台になります。たとえば適合性の原則のように、定義を覚えるだけでなく、誰に対するどんな義務かを説明できるようにしておくと、言い換えられた選択肢にも対応できます。,用語解説とは？重要語句を確認する記事,用語解説は、試験で使う語句の意味と問われ方を整理する記事です。証券外務員試験では、用語を丸暗記するより、選択肢で使える理解が求められます。この記事では、用語解説の使い方と、過去問との往復のコツを整理します。,"用語解説では、定義だけでなく、証券外務員試験での問われ方や関連用語をあわせて確認します。過去問を解いていて意味の取れなかった語句から読むと、いま必要な知識に絞れて効率的です。

読むときは、定義を自分の言葉で言い換え、その論点が問われた過去問を一問解いて確認します。たとえば損失補塡の禁止を読んだら、その論点の問題を解いて理解を確かめます。この往復を繰り返すと、用語が「説明できる知識」に変わり、選択肢で迷わなくなります。",定義と試験での問われ方を確認する;関連用語で混同を整理する;過去問に戻って理解を確かめる,用語を丸暗記しても、選択肢の言い換えに対応できないことがあります。定義を自分の言葉で言い換えられるかまで確認してください。,「読む→自分の言葉で言い換える→過去問で試す」の順にすると、記憶に残りやすくなります。,用語解説は辞書のように読むだけでよい。,×。過去問と合わせて確認します。,用語解説とは何ですか？,用語解説とは、過去問や一問一答で出た語句の意味や、試験での問われ方を確認するための解説です。証券外務員試験では、定義の丸暗記ではなく、選択肢の正誤を判断できる理解が求められます。似た用語との違いもあわせて整理すると効果的です。,用語解説でよくある誤解は？,よくある誤解は、用語解説を辞書のように一度読めば十分だと考えることです。読むだけでは、選択肢で言い換えられたときに対応できません。定義を自分の言葉で言い換え、その論点の過去問を解いて確認するところまで行うと、得点につながる理解になります。,用語解説は試験でどう問われますか？,用語解説が効くのは、証券外務員試験で定義や違いを問う選択肢です。たとえば適合性の原則や損失補塡の禁止のような論点は、定義を正確に押さえていないと、言い換えられた肢で誤ります。用語解説で意味と趣旨をつかんでおくと、正誤の判断が安定します。,用語解説を学んだあとに何を確認しますか？,用語解説を読んだら、定義を自分の言葉で言い換え、その論点が問われた過去問を解いて確認します。混同しやすい用語は関連用語や比較表で違いを整理します。制度や数値がからむ用語は、試験要項などの公式情報で最新の内容も照合してください。,,
試験要項,法令・制度,公式情報,試験の実施条件や手続きがまとめられた案内。,試験日程・申込方法・受験資格・出題範囲などを確認するための基本資料。年度ごとに更新されることが多いため、最新版を確認する。,公式情報;受験資格;出題範囲,,A,試験要項そのものが選択肢で問われるわけではありませんが、申込期間・受験手数料・受験資格といった、要項に載る項目は年度で変わることがあります。古い年度の要項を見て、たとえば申込期限や手数料を誤らないよう、必ず最新版を確認します。,試験要項とは？受験前に確認する公式資料,試験要項は、受験前に確認する公式の基本資料です。証券外務員試験の申込方法や受験資格、日程などがまとまっており、年度ごとに更新されます。この記事では、試験要項で確認すべき項目と、確認のタイミングを整理します。,"試験要項には、申込期間・試験日程・受験資格・出題範囲・受験手数料など、受験に必要な情報がまとまっています。非公式のまとめを参考にする場合でも、最終的な判断は試験要項を基準にします。

試験要項は年度ごとに更新されることが多いため、古い版を見ると、たとえば申込期限や手数料を誤ることがあります。学習を始めるときと申込の前に最新版を開き、変更点がないかを確認する習慣をつけると安全です。",最新版の試験要項を確認する;申込期限を要項で確認する;受験資格を要項で確認する,古い年度の試験要項を見てしまうと、申込期限や手数料、手続きを取り違えることがあります。必ず最新版を確認してください。,「学習開始時」と「申込前」の二回、試験要項の最新版を開くと決めておくと安心です。,試験要項は一度確認すれば毎年同じである。,×。年度ごとに変更される場合があります。,試験要項とは何ですか？,試験要項とは、試験日程・申込方法・受験資格・出題範囲などを確認するための基本資料です。証券外務員試験では年度ごとに更新されることが多いため、最新版を確認する必要があります。非公式の情報を見る場合でも、最終判断は試験要項を基準にしてください。,試験要項でよくある誤解は？,よくある誤解は、試験要項は一度見れば毎年同じだと考えることです。実際には、申込期間や手数料、手続きが年度で変わることがあります。前年の要項や古い情報のまま手続きを進めると、期限や費用を誤る恐れがあるため、必ずその年度の最新版で確認してください。,試験要項は試験でどう問われますか？,試験要項の内容は、受験資格や登録の仕組みなど、証券外務員試験そのものの出題ともつながります。とくに合格と登録の違いや、申込・受験の手続きに関わる論点は、要項で正確に押さえておくと、制度を問う問題にも対応しやすくなります。,試験要項を学んだあとに何を確認しますか？,試験要項を確認したら、申込期限や受験資格をチェックリストにして、早めに手続きを進めます。出題範囲は過去問や用語解説と結びつけて学習に落とし込みます。変更が入りやすい項目は、直前期にもう一度、公式情報で最新の内容を照合してください。,,
過去問,契約・実務,演習,過去に実際に出題された問題。,出題形式や頻出テーマを確認するために使う演習素材。点数だけでなく、間違えた理由を分析することで弱点をつかめる。,復習;用語解説;一問一答,,A,過去問は、証券外務員試験の出題形式と頻出テーマをつかむ最良の教材です。○×と五肢選択で問われ方が違うため、たとえば同じ論点でも、正誤の見極め方を形式ごとに確認しておくと、本番での取りこぼしを減らせます。,過去問とは？出題傾向と弱点を確認する演習素材,過去問は、出題傾向と自分の弱点を確認するための基本素材です。証券外務員試験では、答えを覚えるのではなく、間違えた理由を分析することが得点につながります。この記事では、過去問の使い方と、復習・用語解説との往復を整理します。,"過去問を解くと、証券外務員試験の出題形式や問われ方に慣れられます。正解数を数えるだけでなく、間違えた選択肢や迷った理由を記録すると、学習の効果が高まります。

大切なのは、答えの丸暗記ではなく理由の理解です。たとえば表現が少し変わった問題でも対応できるよう、なぜその肢が誤りなのかまで確認します。間違えた問題は用語解説で定義に戻り、時間を置いて解き直すと、知識が得点につながる形で定着します。",年度別に解いて出題傾向を把握する;間違いを理由で分類する;解説で選択肢の違いを確認する,答えだけを覚えると、表現が少し変わった問題に対応しにくくなります。なぜ正解・誤りなのか、理由まで確認してください。,間違えた問題に印を付けておくと、周回のたびに対象を絞れて復習が速くなります。,過去問は答えを覚えれば十分である。,×。理由まで確認することが大切です。,過去問とは何ですか？,過去問とは、過去に実際に出題された問題のことです。証券外務員試験では、出題形式や頻出テーマを確認するための演習素材として中心になります。点数だけでなく、間違えた理由を分析して弱点をつかむことが、得点を伸ばす近道です。,過去問でよくある誤解は？,よくある誤解は、過去問は答えを覚えれば十分だと考えることです。答えの丸暗記では、表現や数値が少し変わった問題に対応できません。なぜその選択肢が正しいのか、あるいは誤りなのかという理由まで確認して、はじめて応用の利く知識になります。,過去問は試験でどう問われますか？,過去問は、証券外務員試験の○×と五肢選択それぞれの問われ方をつかむのに役立ちます。○×は言い切りの正誤、五肢選択は肢どうしの比較というように形式で解き方が違うため、過去問で両方の感覚に慣れておくと、本番で落ち着いて対応できます。,過去問を学んだあとに何を確認しますか？,過去問で間違えた問題は、理由を記録し、用語解説で定義に戻ってから解き直します。周回のたびに対象を絞り、間違えた問題だけを繰り返すと効率的です。制度や数値がからむ論点は、試験要項などの公式情報で最新の条件も照合してください。,,
